Tactic,Technique id,Technique name,Severity
"Credential Access","T1003","OS Credential Dumping","low"
"Credential Access","T1003.002","Security Account Manager","low"
"Discovery","T1018","Remote System Discovery","medium"
"Lateral Movement","T1021","Remote Services","low"
"Lateral Movement","T1021.001","Remote Desktop Protocol","low"
"Discovery","T1040","Network Sniffing","high"
"Credential Access","T1040","Network Sniffing","high"
"Discovery","T1046","Network Service Discovery","critical"
"Reconnaissance","T1046","Network Service Discovery","low"
"Discovery","T1082","System Information Discovery","low"
"Discovery","T1083","File and Directory Discovery","low"
"Credential Access","T1110","Brute Force","critical"
"Credential Access","T1110.001","Password Guessing","critical"
"Privilege Escalation","T1134","Access Token Manipulation","low"
"Privilege Escalation","T1134.003","Make and Impersonate Token","low"
"Discovery","T1135","Network Share Discovery","critical"
"Credential Access","T1187","Forced Authentication","low"
"Initial Access","T1190","Exploit Public-Facing Application","low"
"Execution","T1203","Exploitation for Client Execution","low"
"Lateral Movement","T1210","Exploitation of Remote Services","low"
"Collection","T1213","Data from Information Repositories","low"
"Collection","T1213.003","Code Repositories","low"
"Discovery","T1526","Cloud Service Discovery","low"
"Credential Access","T1539","Steal Web Session Cookie","low"
"Credential Access","T1555","Credentials from Password Stores","low"
"Credential Access","T1555.003","Credentials from Web Browsers","low"
"Credential Access","T1557","Adversary-in-the-Middle","low"
"Credential Access","T1557.001","LLMNR/NBT-NS Poisoning and SMB Relay","low"
"Reconnaissance","T1590","Gather Victim Network Information","low"
"Reconnaissance","T1590.002","DNS","low"
"Reconnaissance","T1595","Active Scanning","low"
"Reconnaissance","T1595.001","Scanning IP Blocks","low"
"Reconnaissance","T1595.002","Vulnerability Scanning","low"
